grid_id,LDAC_suitability_elec,LDAC_suitability_gas
852c9043fffffff,4.6,0
852c9047fffffff,4.6,0
852c904bfffffff,4.2,0
852c904ffffffff,4.6,0
852c9053fffffff,4.6,0
852c9057fffffff,4.4,0
852c905bfffffff,4.6,0
852c906bfffffff,0,0
852c906ffffffff,3.2,0
852c907bfffffff,4.2,0
852c90cbfffffff,4.6,0
852c90cffffffff,4,0
852c90dbfffffff,4.2,0
852c9203fffffff,4.6,0
852c9207fffffff,4.2,0
852c920bfffffff,5,0
852c920ffffffff,0,0
852c9213fffffff,4.6,0
852c9217fffffff,4.2,0
852c921bfffffff,5,0
852c9223fffffff,0,0
852c9227fffffff,4.2,0
852c922bfffffff,4.2,0
852c922ffffffff,4.2,0
852c9233fffffff,0,0
852c9237fffffff,0,0
852c923bfffffff,0,0
852c9243fffffff,0,0
852c9247fffffff,0,0
852c924bfffffff,0,0
852c924ffffffff,0,0
852c9253fffffff,5,0
852c9257fffffff,5,0
852c925bfffffff,0,0
852c9263fffffff,0,0
852c9267fffffff,4.6,0
852c926bfffffff,0,0
852c926ffffffff,0,0
852c9273fffffff,0,0
852c9277fffffff,0,0
852c927bfffffff,0,0
852c9283fffffff,4.2,0
852c9287fffffff,4.2,0
852c928bfffffff,4.6,0
852c928ffffffff,4.2,0
852c9293fffffff,4.6,0
852c9297fffffff,4.2,0
852c929bfffffff,4.6,0
852c92a3fffffff,3.8,0
852c92a7fffffff,0,0
852c92abfffffff,3.8,0
852c92affffffff,0,0
852c92b3fffffff,4.2,0
852c92b7fffffff,4.2,0
852c92bbfffffff,4.2,0
852c92c3fffffff,5,0
852c92c7fffffff,5,0
852c92cbfffffff,4.6,0
852c92cffffffff,5,0
852c92d3fffffff,5,0
852c92d7fffffff,5,0
852c92dbfffffff,5,0
852c934bfffffff,4.4,0
852c9353fffffff,4,0
852c935bfffffff,4,0
852c93c3fffffff,0,0
852c93cbfffffff,0,0
852c93cffffffff,3.6,0
852c93d3fffffff,0,0
852c93d7fffffff,3.2,0
852c93dbfffffff,0,0
852c9443fffffff,0,0
852c944bfffffff,0,0
852c944ffffffff,0,0
852c9453fffffff,0,0
852c945bfffffff,0,0
852c9603fffffff,4.6,0
852c9607fffffff,4.6,0
852c960bfffffff,5,0
852c960ffffffff,5,0
852c9613fffffff,4.6,0
852c9617fffffff,4.6,0
852c961bfffffff,4.6,0
852c9623fffffff,4.2,0
852c9627fffffff,4.2,0
852c962bfffffff,4.6,0
852c962ffffffff,4.2,0
852c9633fffffff,4.6,0
852c9637fffffff,4.2,0
852c963bfffffff,4.6,0
852c9643fffffff,5,0
852c9647fffffff,5,0
852c964bfffffff,4.6,0
852c964ffffffff,5,0
852c9653fffffff,5,0
852c9657fffffff,5,0
852c965bfffffff,4.6,0
852c9663fffffff,5,0
852c9667fffffff,4.6,0
852c966bfffffff,5,0
852c966ffffffff,5,0
852c9673fffffff,5,0
852c9677fffffff,5,0
852c967bfffffff,5,0
852c9683fffffff,3.8,0
852c9687fffffff,3.8,0
852c968bfffffff,4.2,0
852c968ffffffff,4.2,0
852c9693fffffff,3.8,0
852c9697fffffff,3.8,0
852c969bfffffff,3.8,0
852c96a3fffffff,4.2,0
852c96a7fffffff,3.8,0
852c96abfffffff,4.2,0
852c96affffffff,4.2,0
852c96b3fffffff,3.8,0
852c96b7fffffff,3.2,0
852c96bbfffffff,4.2,0
852c96c3fffffff,4.2,0
852c96c7fffffff,4.2,0
852c96cbfffffff,4.6,0
852c96cffffffff,4.6,0
852c96d3fffffff,4.2,0
852c96d7fffffff,4.2,0
852c96dbfffffff,4.2,0
852cb243fffffff,3.8,0
852cb24bfffffff,0,0
852cb24ffffffff,0,0
852cb253fffffff,3.8,0
852cb257fffffff,3.2,0
852cb25bfffffff,3.8,0
852cb2c3fffffff,4.6,0
852cb2c7fffffff,3.6,0
852cb2cbfffffff,4.2,0
852cb2cffffffff,4.2,0
852cb2d3fffffff,4.6,0
852cb2d7fffffff,4,0
852cb2dbfffffff,4.6,0
852cb443fffffff,0,0
852cb44bfffffff,0,0
852cb453fffffff,0,0
852cb45bfffffff,0,0
852cb4c3fffffff,0,0
852cb4cbfffffff,0,0
852cb4d3fffffff,0,0
852cb4dbfffffff,0,0
852cb603fffffff,3.8,0
852cb607fffffff,3.8,0
852cb60bfffffff,4.2,0
852cb60ffffffff,4.2,0
852cb613fffffff,3.8,0
852cb617fffffff,0,0
852cb61bfffffff,3.8,0
852cb63bfffffff,3.6,0
852cb643fffffff,0,0
852cb647fffffff,4.6,0
852cb64bfffffff,0,0
852cb64ffffffff,0,0
852cb653fffffff,0,0
852cb657fffffff,4.2,0
852cb65bfffffff,0,0
852cb663fffffff,4.6,0
852cb667fffffff,4,0
852cb66bfffffff,5,0
852cb66ffffffff,4.6,0
852cb673fffffff,4.6,0
852cb677fffffff,4.2,0
852cb67bfffffff,4.6,0
852cb683fffffff,0,0
852cb687fffffff,0,0
852cb68bfffffff,0,0
852cb68ffffffff,0,0
852cb693fffffff,0,0
852cb697fffffff,0,0
852cb69bfffffff,0,0
852cb6abfffffff,0,0
852cb6b3fffffff,0,0
852cb6bbfffffff,0,0
852cb6c3fffffff,0,0
852cb6c7fffffff,0,0
852cb6cbfffffff,0,0
852cb6cffffffff,3.8,0
852cb6d3fffffff,0,0
852cb6d7fffffff,0,0
852cb6dbfffffff,0,0
852d9003fffffff,0,0
852d9007fffffff,0,0
852d900bfffffff,0,0
852d900ffffffff,0,0
852d9013fffffff,0,0
852d9017fffffff,0,0
852d901bfffffff,0,0
852d9023fffffff,0,0
852d9027fffffff,0,0
852d902bfffffff,0,0
852d902ffffffff,0,0
852d9033fffffff,0,0
852d9037fffffff,0,0
852d903bfffffff,0,0
852d9043fffffff,0,0
852d9047fffffff,0,0
852d904bfffffff,0,0
852d904ffffffff,0,0
852d9057fffffff,0,0
852d905bfffffff,0,0
852d9063fffffff,0,0
852d9067fffffff,0,0
852d906bfffffff,0,0
852d906ffffffff,0,0
852d9073fffffff,0,0
852d9077fffffff,0,0
852d907bfffffff,0,0
852d9083fffffff,0,0
852d9087fffffff,0,0
852d908bfffffff,0,0
852d908ffffffff,0,0
852d9093fffffff,0,0
852d9097fffffff,0,0
852d909bfffffff,2.2,0
852d90a3fffffff,0,0
852d90a7fffffff,0,0
852d90abfffffff,0,0
852d90affffffff,0,0
852d90b3fffffff,0,0
852d90b7fffffff,0,0
852d90bbfffffff,0,0
852d90c7fffffff,0,0
852d9103fffffff,2.6,0
852d9107fffffff,2.6,0
852d910bfffffff,0,0
852d910ffffffff,2.6,0
852d9113fffffff,0,0
852d9117fffffff,2.2,0
852d911bfffffff,0,0
852d9123fffffff,1.8,0
852d9127fffffff,1.4,0
852d912bfffffff,1.8,0
852d912ffffffff,1.4,0
852d9133fffffff,2.2,0
852d9137fffffff,1.8,0
852d913bfffffff,2.2,0
852d9143fffffff,0,0
852d9147fffffff,0,0
852d914bfffffff,0,0
852d914ffffffff,0,0
852d9153fffffff,0,0
852d9157fffffff,0,0
852d915bfffffff,0,0
852d9163fffffff,1.8,0
852d9167fffffff,1.8,0
852d916bfffffff,1.8,0
852d916ffffffff,1.8,0
852d9173fffffff,2.2,0
852d9177fffffff,2.2,0
852d917bfffffff,2.2,0
852d918bfffffff,0,0
852d91c3fffffff,0,0
852d91c7fffffff,0,0
852d91cbfffffff,0,0
852d91cffffffff,0,0
852d91d3fffffff,0,0
852d91d7fffffff,0,0
852d91dbfffffff,0,0
852d9203fffffff,0,0
852d9207fffffff,0,0
852d920bfffffff,0,0
852d920ffffffff,0,0
852d9213fffffff,0,0
852d9217fffffff,0,0
852d921bfffffff,0,0
852d9223fffffff,0,0
852d9227fffffff,0,0
852d922bfffffff,0,0
852d922ffffffff,0,0
852d9233fffffff,0,0
852d9237fffffff,0,0
852d923bfffffff,0,0
852d9243fffffff,0,0
852d9247fffffff,0,0
852d924bfffffff,0,0
852d924ffffffff,0,0
852d9253fffffff,0,0
852d9257fffffff,0,0
852d925bfffffff,0,0
852d9263fffffff,0,0
852d9267fffffff,0,0
852d926bfffffff,0,0
852d926ffffffff,0,0
852d9273fffffff,0,0
852d9277fffffff,0,0
852d927bfffffff,0,0
852d9283fffffff,0,0
852d9287fffffff,0,0
852d928bfffffff,0,0
852d928ffffffff,0,0
852d9293fffffff,0,0
852d9297fffffff,0,0
852d929bfffffff,0,0
852d92a3fffffff,0,0
852d92a7fffffff,0,0
852d92abfffffff,0,0
852d92affffffff,0,0
852d92b3fffffff,0,0
852d92b7fffffff,0,0
852d92bbfffffff,0,0
852d92c3fffffff,0,0
852d92c7fffffff,0,0
852d92cbfffffff,0,0
852d92cffffffff,0,0
852d92d3fffffff,0,0
852d92d7fffffff,0,0
852d92dbfffffff,0,0
852d9303fffffff,0,0
852d9307fffffff,0,0
852d930bfffffff,0,0
852d930ffffffff,0,0
852d9313fffffff,0,0
852d9317fffffff,0,0
852d931bfffffff,0,0
852d9323fffffff,1.4,0
852d9327fffffff,1.4,0
852d932bfffffff,1.8,0
852d932ffffffff,1.4,0
852d9333fffffff,0,0
852d9337fffffff,0,0
852d933bfffffff,1.4,0
852d9343fffffff,0,0
852d9347fffffff,0,0
852d934bfffffff,0,0
852d934ffffffff,0,0
852d9353fffffff,0,0
852d9357fffffff,0,0
852d935bfffffff,0,0
852d9363fffffff,1.8,0
852d9367fffffff,1.8,0
852d936bfffffff,2.2,0
852d936ffffffff,2.2,0
852d9373fffffff,0,0
852d9377fffffff,1.8,0
852d937bfffffff,1.8,0
852d9383fffffff,0,0
852d9387fffffff,0,0
852d938bfffffff,0,0
852d938ffffffff,0,0
852d9393fffffff,0,0
852d9397fffffff,0,0
852d939bfffffff,0,0
852d93a3fffffff,0,0
852d93a7fffffff,1.4,0
852d93abfffffff,0,0
852d93affffffff,0,0
852d93b3fffffff,0,0
852d93b7fffffff,1.8,0
852d93bbfffffff,0,0
852d93c3fffffff,0,0
852d93c7fffffff,0,0
852d93cbfffffff,0,0
852d93cffffffff,0,0
852d93d3fffffff,0,0
852d93d7fffffff,0,0
852d93dbfffffff,0,0
852d9423fffffff,2.6,0
852d9427fffffff,0,0
852d942ffffffff,0,0
852d9437fffffff,0,0
852d9543fffffff,0,0
852d9547fffffff,0,0
852d954bfffffff,0,0
852d954ffffffff,0,0
852d9553fffffff,0,0
852d955bfffffff,0,0
852d9563fffffff,1.8,0
852d956bfffffff,0,0
852d956ffffffff,0,0
852d957bfffffff,0,0
852d960bfffffff,0,0
852d960ffffffff,2.6,0
852d961bfffffff,0,0
852d9623fffffff,0,0
852d9627fffffff,0,0
852d962bfffffff,0,0
852d962ffffffff,0,0
852d963bfffffff,0,0
852d9643fffffff,0,0
852d9647fffffff,0,0
852d964bfffffff,0,0
852d964ffffffff,0,0
852d9653fffffff,0,0
852d9657fffffff,0,0
852d965bfffffff,0,0
852d9663fffffff,0,0
852d9667fffffff,0,0
852d966bfffffff,0,0
852d966ffffffff,0,0
852d9673fffffff,0,0
852d9677fffffff,0,0
852d967bfffffff,0,0
852d96c3fffffff,0,0
852d96c7fffffff,2.6,0
852d96cbfffffff,0,0
852d96cffffffff,0,0
852d96dbfffffff,0,0
852d9a03fffffff,4.4,0
852d9a0bfffffff,4.6,0
852d9a13fffffff,4,0
852d9a1bfffffff,5,0
852d9a43fffffff,4.6,0
852d9a47fffffff,4.6,0
852d9a4bfffffff,4.2,0
852d9a4ffffffff,4.2,0
852d9a53fffffff,5,0
852d9a57fffffff,4.6,0
852d9a5bfffffff,4.6,0
852d9a63fffffff,3.6,0
852d9a6bfffffff,3.8,0
852d9a6ffffffff,3.2,0
852d9a73fffffff,4.6,0
852d9a7bfffffff,4.2,0
852d9a83fffffff,3.6,0
852d9a8bfffffff,4.2,0
852d9a93fffffff,3.2,0
852d9a9bfffffff,3.6,0
852d9ac3fffffff,5,0
852d9ac7fffffff,4.6,0
852d9acbfffffff,5,0
852d9acffffffff,5,0
852d9ad3fffffff,4,0
852d9ad7fffffff,4,0
852d9adbfffffff,4.4,0
852d9c4bfffffff,0,0
852d9c5bfffffff,1.4,0
852d9e03fffffff,0,0
852d9e07fffffff,0,0
852d9e0bfffffff,0,0
852d9e0ffffffff,0,0
852d9e13fffffff,0,0
852d9e17fffffff,0,0
852d9e1bfffffff,0,0
852d9e23fffffff,0,0
852d9e2bfffffff,3.2,0
852d9e33fffffff,0,0
852d9e3bfffffff,0,0
852d9e43fffffff,1.4,0
852d9e47fffffff,2,0
852d9e4bfffffff,1.8,0
852d9e4ffffffff,2.4,0
852d9e53fffffff,1.4,0
852d9e57fffffff,1.4,0
852d9e5bfffffff,1.4,0
852d9e63fffffff,3,0
852d9e67fffffff,3.2,0
852d9e6bfffffff,3.4,0
852d9e6ffffffff,3.6,0
852d9e73fffffff,2,0
852d9e77fffffff,2.6,0
852d9e7bfffffff,3,0
852d9e83fffffff,0,0
852d9e87fffffff,0,0
852d9e8bfffffff,0,0
852d9e8ffffffff,0,0
852d9e93fffffff,1.4,0
852d9e97fffffff,1.4,0
852d9e9bfffffff,1.4,0
852d9ea3fffffff,0,0
852d9eabfffffff,0,0
852d9eaffffffff,0,0
852d9eb3fffffff,0,0
852d9ebbfffffff,0,0
852d9ec3fffffff,0,0
852d9ec7fffffff,0,0
852d9ecbfffffff,0,0
852d9ecffffffff,0,0
852d9ed3fffffff,1.4,0
852d9ed7fffffff,1.4,0
852d9edbfffffff,0,0
853e4907fffffff,4.4,0
853e4913fffffff,4.4,0
853e4917fffffff,4.4,0
853e4923fffffff,4.4,0
853e4927fffffff,4,0
853e492bfffffff,4.4,0
853e492ffffffff,4.4,0
853e4933fffffff,4,0
853e4937fffffff,4,0
853e493bfffffff,5,0
853e4983fffffff,0,0
853e4987fffffff,0,0
853e498bfffffff,0,0
853e498ffffffff,3.8,0
853e4993fffffff,0,0
853e4997fffffff,0,0
853e499bfffffff,0,0
853e49a3fffffff,3.8,0
853e49a7fffffff,3.8,0
853e49abfffffff,4.4,0
853e49affffffff,4,0
853e49b3fffffff,3.4,0
853e49b7fffffff,3.2,0
853e49bbfffffff,3.8,0
853e4d03fffffff,0,0
853e4d07fffffff,0,0
853e4d0bfffffff,0,0
853e4d0ffffffff,0,0
853e4d13fffffff,0,0
853e4d17fffffff,0,0
853e4d1bfffffff,0,0
853e4d23fffffff,0,0
853e4d27fffffff,0,0
853e4d2bfffffff,0,0
853e4d2ffffffff,0,0
853e4d33fffffff,0,0
853e4d37fffffff,0,0
853e4d3bfffffff,0,0
853e4d67fffffff,0,0
853e4d73fffffff,0,0
853e4d77fffffff,0,0
853e4d83fffffff,0,0
853e4d87fffffff,0,0
853e4d8bfffffff,0,0
853e4d8ffffffff,0,0
853e4d93fffffff,2.6,0
853e4d97fffffff,0,0
853e4d9bfffffff,0,0
853e4da3fffffff,0,0
853e4da7fffffff,0,0
853e4dabfffffff,0,0
853e4daffffffff,0,0
853e4db3fffffff,0,0
853e4db7fffffff,0,0
853e4dbbfffffff,0,0
853e4dc7fffffff,0,0
853e4dd3fffffff,2.6,0
853e4dd7fffffff,0,0
853e6803fffffff,2.2,0
853e6807fffffff,2.6,0
853e680bfffffff,2.6,0
853e680ffffffff,2.2,0
853e681bfffffff,2.6,0
853e6823fffffff,2.2,0
853e6827fffffff,2.2,0
853e682bfffffff,2.2,0
853e682ffffffff,2.2,0
853e6833fffffff,2.6,0
853e6837fffffff,2.2,0
853e683bfffffff,2.6,0
853e6847fffffff,2.6,0
853e6863fffffff,2.6,0
853e6867fffffff,2.6,0
853e686bfffffff,2.6,0
853e686ffffffff,2.6,0
853e6873fffffff,2.6,0
853e6877fffffff,2.2,0
853e687bfffffff,2.6,0
853e6903fffffff,2.2,0
853e6907fffffff,2.2,0
853e690bfffffff,2.2,0
853e690ffffffff,2.2,0
853e6913fffffff,2.2,0
853e6917fffffff,0,0
853e691bfffffff,2.6,0
853e6923fffffff,2.2,0
853e6927fffffff,0,0
853e692bfffffff,2.6,0
853e692ffffffff,2.2,0
853e6933fffffff,2.6,0
853e6937fffffff,0,0
853e693bfffffff,2.6,0
853e6943fffffff,2.2,0
853e6947fffffff,2.6,0
853e694bfffffff,2.2,0
853e694ffffffff,2.2,0
853e6953fffffff,2.6,0
853e6957fffffff,2.6,0
853e695bfffffff,2.2,0
853e6963fffffff,2.6,0
853e6967fffffff,2.6,0
853e696bfffffff,2.6,0
853e696ffffffff,2.6,0
853e6973fffffff,2.6,0
853e6977fffffff,2.6,0
853e697bfffffff,2.6,0
853e6987fffffff,0,0
853e698ffffffff,2.2,0
853e69a3fffffff,0,0
853e69a7fffffff,0,0
853e69abfffffff,0,0
853e69affffffff,0,0
853e69b3fffffff,0,0
853e69b7fffffff,0,0
853e69bbfffffff,0,0
853e69c7fffffff,2.2,0
853e69cbfffffff,2.2,0
853e69cffffffff,2.6,0
853e6a23fffffff,2.6,0
853e6a27fffffff,2.6,0
853e6a33fffffff,2.6,0
853e6a37fffffff,2.6,0
853e6a3bfffffff,2.6,0
853e6aa3fffffff,0,0
853e6aa7fffffff,2.6,0
853e6aaffffffff,2.6,0
853e6ab7fffffff,0,0
853e6b03fffffff,2.2,0
853e6b07fffffff,2.2,0
853e6b0bfffffff,2.2,0
853e6b0ffffffff,2.2,0
853e6b13fffffff,2.2,0
853e6b17fffffff,2.6,0
853e6b1bfffffff,2.2,0
853e6b23fffffff,2.6,0
853e6b27fffffff,2.2,0
853e6b2bfffffff,2.6,0
853e6b2ffffffff,2.6,0
853e6b33fffffff,2.6,0
853e6b37fffffff,2.6,0
853e6b3bfffffff,2.6,0
853e6b47fffffff,2.6,0
853e6b53fffffff,2.6,0
853e6b57fffffff,2.6,0
853e6b63fffffff,2.2,0
853e6b67fffffff,2.2,0
853e6b6bfffffff,2.6,0
853e6b6ffffffff,2.2,0
853e6b73fffffff,2.2,0
853e6b77fffffff,2.2,0
853e6b7bfffffff,2.6,0
853e6b83fffffff,2.6,0
853e6b87fffffff,2.2,0
853e6b8bfffffff,2.2,0
853e6b8ffffffff,2.2,0
853e6b93fffffff,2.6,0
853e6b97fffffff,2.2,0
853e6b9bfffffff,2.6,0
853e6ba3fffffff,2.6,0
853e6ba7fffffff,2.6,0
853e6babfffffff,2.6,0
853e6baffffffff,2.6,0
853e6bb3fffffff,2.2,0
853e6bb7fffffff,2.6,0
853e6bbbfffffff,2.2,0
853e6bc3fffffff,2.2,0
853e6bc7fffffff,2.2,0
853e6bcbfffffff,2.6,0
853e6bcffffffff,2.2,0
853e6bd3fffffff,2.6,0
853e6bd7fffffff,2.2,0
853e6bdbfffffff,2.6,0
85438443fffffff,0,0
8543844bfffffff,0,0
8543844ffffffff,0,0
8543845bfffffff,0,0
85438603fffffff,0,0
85438607fffffff,0,0
8543860bfffffff,0,0
8543860ffffffff,0,0
85438613fffffff,0,0
85438617fffffff,0,0
8543861bfffffff,0,0
85438643fffffff,0,0
85438647fffffff,0,0
8543864bfffffff,0,0
8543864ffffffff,0,0
85438653fffffff,0,0
85438657fffffff,0,0
8543865bfffffff,0,0
85438673fffffff,0,0
85438683fffffff,0,0
85438687fffffff,0,0
8543868bfffffff,0,0
8543868ffffffff,0,0
85438693fffffff,0,0
85438697fffffff,0,0
8543869bfffffff,0,0
854386abfffffff,0,0
854386b3fffffff,0,0
854386bbfffffff,0,0
854386c3fffffff,0,0
854386c7fffffff,0,0
854386cbfffffff,0,0
854386cffffffff,0,0
854386d3fffffff,0,0
854386d7fffffff,0,0
854386dbfffffff,0,0
85439403fffffff,0,0
85439407fffffff,0,0
8543940bfffffff,0,0
8543940ffffffff,0,0
85439413fffffff,0,0
85439417fffffff,0,0
8543941bfffffff,0,0
85439423fffffff,0,0
8543942bfffffff,0,0
85439433fffffff,0,0
85439437fffffff,0,0
8543943bfffffff,0,0
85439443fffffff,0,0
85439447fffffff,0,0
8543944bfffffff,0,0
8543944ffffffff,0,0
85439453fffffff,0,0
85439457fffffff,0,0
8543945bfffffff,0,0
85439463fffffff,0,0
85439473fffffff,0,0
85439477fffffff,0,0
8543947bfffffff,0,0
85439483fffffff,0,0
85439487fffffff,0,0
8543948bfffffff,0,0
8543948ffffffff,0,0
85439493fffffff,0,0
85439497fffffff,0,0
8543949bfffffff,0,0
854394a3fffffff,0,0
854394a7fffffff,0,0
854394abfffffff,0,0
854394affffffff,0,0
854394b3fffffff,0,0
854394b7fffffff,0,0
854394bbfffffff,0,0
854394c3fffffff,0,0
854394c7fffffff,0,0
854394cbfffffff,0,0
854394cffffffff,0,0
854394d3fffffff,0,0
854394d7fffffff,0,0
854394dbfffffff,0,0
85439583fffffff,0,0
85439587fffffff,0,0
8543958bfffffff,0,0
8543958ffffffff,0,0
85439593fffffff,0,0
85439597fffffff,0,0
8543959bfffffff,0,0
854395c3fffffff,0,0
854395c7fffffff,0,0
854395cbfffffff,0,0
854395d3fffffff,0,0
854395d7fffffff,0,0
854395dbfffffff,0,0
85439687fffffff,0,0
85439693fffffff,0,0
85439697fffffff,0,0
854396b3fffffff,0,0
854396b7fffffff,0,0
8543b003fffffff,0,0
8543b007fffffff,0,0
8543b00bfffffff,0,0
8543b00ffffffff,0,0
8543b013fffffff,0,0
8543b017fffffff,0,0
8543b01bfffffff,0,0
8543b023fffffff,0,0
8543b027fffffff,0,0
8543b02bfffffff,0,0
8543b02ffffffff,0,0
8543b033fffffff,0,0
8543b037fffffff,0,0
8543b03bfffffff,0,0
8543b043fffffff,0,0
8543b047fffffff,0,0
8543b04bfffffff,0,0
8543b04ffffffff,0,0
8543b053fffffff,0,0
8543b057fffffff,0,0
8543b05bfffffff,0,0
8543b063fffffff,0,0
8543b067fffffff,0,0
8543b06bfffffff,0,0
8543b06ffffffff,0,0
8543b073fffffff,0,0
8543b077fffffff,0,0
8543b07bfffffff,0,0
8543b083fffffff,0,0
8543b087fffffff,0,0
8543b08bfffffff,0,0
8543b08ffffffff,0,0
8543b093fffffff,0,0
8543b097fffffff,0,0
8543b09bfffffff,0,0
8543b0a3fffffff,0,0
8543b0a7fffffff,0,0
8543b0abfffffff,0,0
8543b0affffffff,0,0
8543b0b3fffffff,0,0
8543b0b7fffffff,0,0
8543b0bbfffffff,0,0
8543b0c3fffffff,0,0
8543b0c7fffffff,0,0
8543b0cbfffffff,0,0
8543b0cffffffff,0,0
8543b0d3fffffff,0,0
8543b0d7fffffff,0,0
8543b0dbfffffff,0,0
8543b103fffffff,0,0
8543b107fffffff,0,0
8543b10bfffffff,0,0
8543b10ffffffff,0,0
8543b113fffffff,0,0
8543b117fffffff,0,0
8543b11bfffffff,0,0
8543b123fffffff,0,0
8543b127fffffff,0,0
8543b12bfffffff,0,0
8543b12ffffffff,0,0
8543b133fffffff,0,0
8543b137fffffff,0,0
8543b13bfffffff,0,0
8543b143fffffff,0,0
8543b147fffffff,0,0
8543b14bfffffff,0,0
8543b14ffffffff,0,0
8543b153fffffff,0,0
8543b157fffffff,0,0
8543b15bfffffff,0,0
8543b163fffffff,0,0
8543b167fffffff,0,0
8543b16bfffffff,0,0
8543b16ffffffff,0,0
8543b173fffffff,0,0
8543b177fffffff,0,0
8543b17bfffffff,0,0
8543b183fffffff,0,0
8543b18bfffffff,0,0
8543b18ffffffff,0,0
8543b193fffffff,0,0
8543b19bfffffff,0,0
8543b1abfffffff,0,0
8543b1bbfffffff,0,0
8543b1c3fffffff,0,0
8543b1c7fffffff,0,0
8543b1cbfffffff,0,0
8543b1cffffffff,0,0
8543b1d3fffffff,0,0
8543b1d7fffffff,0,0
8543b1dbfffffff,0,0
8543b203fffffff,0,0
8543b207fffffff,0,0
8543b20bfffffff,0,0
8543b20ffffffff,0,0
8543b213fffffff,0,0
8543b217fffffff,0,0
8543b21bfffffff,0,0
8543b223fffffff,0,0
8543b227fffffff,0,0
8543b22bfffffff,0,0
8543b22ffffffff,0,0
8543b233fffffff,0,0
8543b237fffffff,0,0
8543b23bfffffff,0,0
8543b243fffffff,0,0
8543b247fffffff,0,0
8543b24bfffffff,0,0
8543b24ffffffff,0,0
8543b253fffffff,0,0
8543b257fffffff,0,0
8543b25bfffffff,0,0
8543b263fffffff,0,0
8543b267fffffff,0,0
8543b26bfffffff,0,0
8543b26ffffffff,0,0
8543b273fffffff,0,0
8543b277fffffff,0,0
8543b27bfffffff,0,0
8543b283fffffff,0,0
8543b287fffffff,0,0
8543b28bfffffff,0,0
8543b28ffffffff,0,0
8543b293fffffff,0,0
8543b297fffffff,0,0
8543b29bfffffff,0,0
8543b2a3fffffff,0,0
8543b2a7fffffff,0,0
8543b2abfffffff,0,0
8543b2affffffff,0,0
8543b2b3fffffff,0,0
8543b2b7fffffff,0,0
8543b2bbfffffff,0,0
8543b2c3fffffff,0,0
8543b2c7fffffff,0,0
8543b2cbfffffff,0,0
8543b2cffffffff,0,0
8543b2d3fffffff,0,0
8543b2d7fffffff,0,0
8543b2dbfffffff,0,0
8543b303fffffff,0,0
8543b307fffffff,0,0
8543b30bfffffff,0,0
8543b30ffffffff,0,0
8543b313fffffff,0,0
8543b317fffffff,0,0
8543b31bfffffff,0,0
8543b323fffffff,0,0
8543b327fffffff,0,0
8543b32bfffffff,0,0
8543b32ffffffff,0,0
8543b333fffffff,0,0
8543b337fffffff,0,0
8543b33bfffffff,0,0
8543b343fffffff,0,0
8543b347fffffff,0,0
8543b34bfffffff,0,0
8543b34ffffffff,0,0
8543b353fffffff,0,0
8543b357fffffff,0,0
8543b35bfffffff,0,0
8543b363fffffff,0,0
8543b367fffffff,0,0
8543b36bfffffff,0,0
8543b36ffffffff,0,0
8543b373fffffff,0,0
8543b377fffffff,0,0
8543b37bfffffff,0,0
8543b383fffffff,0,0
8543b387fffffff,0,0
8543b38bfffffff,0,0
8543b38ffffffff,0,0
8543b393fffffff,0,0
8543b397fffffff,0,0
8543b39bfffffff,0,0
8543b3a3fffffff,0,0
8543b3a7fffffff,0,0
8543b3abfffffff,0,0
8543b3affffffff,0,0
8543b3b3fffffff,0,0
8543b3b7fffffff,0,0
8543b3bbfffffff,0,0
8543b3c3fffffff,0,0
8543b3c7fffffff,0,0
8543b3cbfffffff,0,0
8543b3cffffffff,0,0
8543b3d3fffffff,0,0
8543b3d7fffffff,0,0
8543b3dbfffffff,0,0
8543b403fffffff,0,0
8543b407fffffff,0,0
8543b40bfffffff,0,0
8543b40ffffffff,0,0
8543b413fffffff,0,0
8543b417fffffff,0,0
8543b41bfffffff,0,0
8543b423fffffff,0,0
8543b427fffffff,0,0
8543b42bfffffff,0,0
8543b42ffffffff,0,0
8543b433fffffff,0,0
8543b437fffffff,0,0
8543b43bfffffff,0,0
8543b443fffffff,0,0
8543b447fffffff,0,0
8543b44bfffffff,0,0
8543b44ffffffff,0,0
8543b453fffffff,0,0
8543b457fffffff,0,0
8543b45bfffffff,0,0
8543b463fffffff,0,0
8543b467fffffff,0,0
8543b46bfffffff,0,0
8543b46ffffffff,0,0
8543b473fffffff,0,0
8543b477fffffff,0,0
8543b47bfffffff,0,0
8543b483fffffff,0,0
8543b487fffffff,0,0
8543b48bfffffff,0,0
8543b48ffffffff,0,0
8543b493fffffff,0,0
8543b497fffffff,0,0
8543b49bfffffff,0,0
8543b4a3fffffff,0,0
8543b4a7fffffff,0,0
8543b4abfffffff,0,0
8543b4affffffff,0,0
8543b4b3fffffff,0,0
8543b4b7fffffff,0,0
8543b4bbfffffff,0,0
8543b4c3fffffff,0,0
8543b4c7fffffff,0,0
8543b4cbfffffff,0,0
8543b4cffffffff,0,0
8543b4d3fffffff,0,0
8543b4d7fffffff,0,0
8543b4dbfffffff,0,0
8543b503fffffff,0,0
8543b50bfffffff,0,0
8543b50ffffffff,0,0
8543b51bfffffff,0,0
8543b52bfffffff,0,0
8543b543fffffff,0,0
8543b547fffffff,0,0
8543b54bfffffff,0,0
8543b54ffffffff,0,0
8543b553fffffff,0,0
8543b557fffffff,0,0
8543b55bfffffff,0,0
8543b563fffffff,0,0
8543b567fffffff,0,0
8543b56bfffffff,0,0
8543b56ffffffff,0,0
8543b573fffffff,0,0
8543b577fffffff,0,0
8543b57bfffffff,0,0
8543b5c3fffffff,0,0
8543b5c7fffffff,0,0
8543b5cbfffffff,0,0
8543b5cffffffff,0,0
8543b5d3fffffff,0,0
8543b5d7fffffff,0,0
8543b5dbfffffff,0,0
8543b603fffffff,0,0
8543b607fffffff,0,0
8543b60bfffffff,0,0
8543b60ffffffff,0,0
8543b613fffffff,0,0
8543b617fffffff,0,0
8543b61bfffffff,0,0
8543b623fffffff,0,0
8543b627fffffff,0,0
8543b62bfffffff,0,0
8543b62ffffffff,0,0
8543b633fffffff,0,0
8543b637fffffff,0,0
8543b63bfffffff,0,0
8543b643fffffff,0,0
8543b647fffffff,0,0
8543b64bfffffff,0,0
8543b64ffffffff,0,0
8543b653fffffff,0,0
8543b657fffffff,0,0
8543b65bfffffff,0,0
8543b663fffffff,0,0
8543b667fffffff,0,0
8543b66bfffffff,0,0
8543b66ffffffff,0,0
8543b673fffffff,0,0
8543b677fffffff,0,0
8543b67bfffffff,0,0
8543b683fffffff,0,0
8543b687fffffff,0,0
8543b68bfffffff,0,0
8543b68ffffffff,0,0
8543b693fffffff,0,0
8543b697fffffff,0,0
8543b69bfffffff,0,0
8543b6a3fffffff,0,0
8543b6a7fffffff,0,0
8543b6abfffffff,0,0
8543b6affffffff,0,0
8543b6b3fffffff,0,0
8543b6b7fffffff,0,0
8543b6bbfffffff,0,0
8543b6c3fffffff,0,0
8543b6c7fffffff,0,0
8543b6cbfffffff,0,0
8543b6cffffffff,0,0
8543b6d3fffffff,0,0
8543b6d7fffffff,0,0
8543b6dbfffffff,0,0
85520003fffffff,1.4,0
85520007fffffff,0,0
8552000bfffffff,1.4,0
8552000ffffffff,1.4,0
85520013fffffff,0,0
85520017fffffff,0,0
8552001bfffffff,1.4,0
85520023fffffff,0,0
85520027fffffff,0,0
8552002bfffffff,1.4,0
8552002ffffffff,1.4,0
85520033fffffff,0,0
85520037fffffff,0,0
8552003bfffffff,0,0
85520043fffffff,2.2,0
85520047fffffff,1.8,0
8552004bfffffff,2.2,0
8552004ffffffff,2.2,0
85520053fffffff,1.8,0
85520057fffffff,1.8,0
8552005bfffffff,1.8,0
85520063fffffff,1.8,0
85520067fffffff,1.4,0
8552006bfffffff,1.8,0
8552006ffffffff,1.8,0
85520073fffffff,1.8,0
85520077fffffff,1.4,0
8552007bfffffff,1.8,0
85520083fffffff,0,0
85520087fffffff,0,0
8552008bfffffff,0,0
8552008ffffffff,0,0
85520093fffffff,0,0
85520097fffffff,0,0
8552009bfffffff,1.4,0
855200a3fffffff,0,0
855200a7fffffff,0,0
855200abfffffff,0,0
855200affffffff,0,0
855200b3fffffff,0,0
855200b7fffffff,0,0
855200bbfffffff,0,0
855200c3fffffff,1.8,0
855200c7fffffff,1.4,0
855200cbfffffff,1.8,0
855200cffffffff,1.4,0
855200d3fffffff,1.8,0
855200d7fffffff,1.4,0
855200dbfffffff,2.2,0
85520103fffffff,0,0
85520107fffffff,0,0
8552010bfffffff,0,0
8552010ffffffff,0,0
85520113fffffff,0,0
85520117fffffff,0,0
8552011bfffffff,0,0
85520123fffffff,0,0
85520127fffffff,0,0
8552012bfffffff,0,0
8552012ffffffff,0,0
85520133fffffff,0,0
85520137fffffff,0,0
8552013bfffffff,0,0
85520143fffffff,1.4,0
85520147fffffff,1.4,0
8552014bfffffff,1.8,0
8552014ffffffff,1.4,0
85520153fffffff,0,0
85520157fffffff,0,0
8552015bfffffff,1.4,0
85520163fffffff,0,0
85520167fffffff,0,0
8552016bfffffff,1.4,0
8552016ffffffff,0,0
85520173fffffff,0,0
85520177fffffff,0,0
8552017bfffffff,1.4,0
85520183fffffff,0,0
85520187fffffff,0,0
8552018bfffffff,0,0
8552018ffffffff,0,0
85520193fffffff,0,0
85520197fffffff,0,0
8552019bfffffff,0,0
855201a3fffffff,0,0
855201a7fffffff,0,0
855201abfffffff,0,0
855201affffffff,0,0
855201b3fffffff,0,0
855201b7fffffff,0,0
855201bbfffffff,0,0
855201c3fffffff,0,0
855201c7fffffff,0,0
855201cbfffffff,0,0
855201cffffffff,0,0
855201d3fffffff,0,0
855201d7fffffff,0,0
855201dbfffffff,0,0
85520203fffffff,2.6,0
85520207fffffff,2.2,0
8552020bfffffff,2.6,0
8552020ffffffff,0,0
85520213fffffff,2.6,0
85520217fffffff,2.2,0
8552021bfffffff,2.6,0
85520223fffffff,0,0
85520227fffffff,2.6,0
8552022bfffffff,0,0
8552022ffffffff,0,0
85520233fffffff,2.2,0
85520237fffffff,2.2,0
8552023bfffffff,0,0
85520243fffffff,0,0
85520247fffffff,0,0
8552024bfffffff,0,0
8552024ffffffff,0,0
85520253fffffff,0,0
85520257fffffff,0,0
8552025bfffffff,0,0
85520263fffffff,0,0
85520267fffffff,0,0
8552026bfffffff,0,0
8552026ffffffff,0,0
85520273fffffff,0,0
85520277fffffff,0,0
8552027bfffffff,0,0
85520283fffffff,2.2,0
85520287fffffff,2.2,0
8552028bfffffff,2.2,0
8552028ffffffff,2.6,0
85520293fffffff,1.8,0
85520297fffffff,2.2,0
8552029bfffffff,2.2,0
855202a3fffffff,2.2,0
855202a7fffffff,2.2,0
855202abfffffff,2.2,0
855202affffffff,2.2,0
855202b3fffffff,2.6,0
855202b7fffffff,2.2,0
855202bbfffffff,2.6,0
855202c3fffffff,2.6,0
855202c7fffffff,2.6,0
855202cbfffffff,2.6,0
855202cffffffff,2.6,0
855202d3fffffff,2.6,0
855202d7fffffff,2.2,0
855202dbfffffff,0,0
85520303fffffff,2.6,0
85520307fffffff,2.2,0
8552030bfffffff,2.2,0
8552030ffffffff,2.6,0
85520313fffffff,2.6,0
85520317fffffff,2.6,0
8552031bfffffff,2.2,0
85520323fffffff,2.6,0
85520327fffffff,2.2,0
8552032bfffffff,2.6,0
8552032ffffffff,2.6,0
85520333fffffff,2.2,0
85520337fffffff,2.2,0
8552033bfffffff,2.6,0
85520343fffffff,2.2,0
85520347fffffff,2.6,0
8552034bfffffff,0,0
8552034ffffffff,2.6,0
85520353fffffff,2.2,0
85520357fffffff,2.2,0
8552035bfffffff,2.6,0
85520363fffffff,2.6,0
85520367fffffff,2.6,0
8552036bfffffff,2.6,0
8552036ffffffff,2.6,0
85520373fffffff,2.6,0
85520377fffffff,2.6,0
8552037bfffffff,2.6,0
85520383fffffff,2.2,0
85520387fffffff,2.2,0
8552038bfffffff,2.2,0
8552038ffffffff,2.2,0
85520393fffffff,1.8,0
85520397fffffff,1.8,0
8552039bfffffff,1.8,0
855203a3fffffff,1.8,0
855203a7fffffff,1.8,0
855203abfffffff,2.2,0
855203affffffff,1.8,0
855203b3fffffff,1.8,0
855203b7fffffff,1.8,0
855203bbfffffff,2.2,0
855203c3fffffff,1.8,0
855203c7fffffff,2.2,0
855203cbfffffff,2.2,0
855203cffffffff,1.8,0
855203d3fffffff,1.8,0
855203d7fffffff,1.8,0
855203dbfffffff,1.8,0
85520403fffffff,1.4,0
85520407fffffff,0,0
8552040bfffffff,1.8,0
8552040ffffffff,1.4,0
85520413fffffff,1.8,0
85520417fffffff,1.4,0
8552041bfffffff,1.8,0
85520423fffffff,0,0
85520427fffffff,0,0
8552042bfffffff,0,0
8552042ffffffff,0,0
85520433fffffff,0,0
85520437fffffff,0,0
8552043bfffffff,0,0
85520443fffffff,2.2,0
85520447fffffff,2.2,0
8552044bfffffff,2.6,0
8552044ffffffff,2.2,0
85520453fffffff,2.2,0
85520457fffffff,1.8,0
8552045bfffffff,2.2,0
85520463fffffff,1.8,0
85520467fffffff,1.4,0
8552046bfffffff,1.8,0
8552046ffffffff,1.8,0
85520473fffffff,1.8,0
85520477fffffff,1.4,0
8552047bfffffff,1.8,0
85520483fffffff,2.2,0
85520487fffffff,1.8,0
8552048bfffffff,1.8,0
8552048ffffffff,1.8,0
85520493fffffff,2.2,0
85520497fffffff,2.2,0
8552049bfffffff,2.2,0
855204a3fffffff,0,0
855204a7fffffff,1.4,0
855204abfffffff,1.4,0
855204affffffff,1.4,0
855204b3fffffff,0,0
855204b7fffffff,1.8,0
855204bbfffffff,1.4,0
855204c3fffffff,2.2,0
855204c7fffffff,1.8,0
855204cbfffffff,2.2,0
855204cffffffff,1.8,0
855204d3fffffff,2.6,0
855204d7fffffff,2.2,0
855204dbfffffff,2.6,0
85520503fffffff,0,0
85520507fffffff,1.4,0
8552050bfffffff,0,0
8552050ffffffff,0,0
85520513fffffff,1.4,0
85520517fffffff,1.4,0
8552051bfffffff,0,0
85520523fffffff,0,0
85520527fffffff,1.4,0
8552052bfffffff,0,0
8552052ffffffff,0,0
85520533fffffff,1.4,0
85520537fffffff,1.4,0
8552053bfffffff,0,0
85520543fffffff,0,0
85520547fffffff,0,0
8552054bfffffff,0,0
8552054ffffffff,0,0
85520553fffffff,0,0
85520557fffffff,0,0
8552055bfffffff,0,0
85520563fffffff,0,0
85520567fffffff,0,0
8552056bfffffff,0,0
8552056ffffffff,0,0
85520573fffffff,0,0
85520577fffffff,0,0
8552057bfffffff,0,0
85520583fffffff,1.8,0
85520587fffffff,2.2,0
8552058bfffffff,1.8,0
8552058ffffffff,1.8,0
85520593fffffff,2.2,0
85520597fffffff,2.2,0
8552059bfffffff,1.8,0
855205a3fffffff,2.2,0
855205a7fffffff,2.2,0
855205abfffffff,1.8,0
855205affffffff,1.8,0
855205b3fffffff,2.2,0
855205b7fffffff,2.2,0
855205bbfffffff,1.8,0
855205c3fffffff,1.4,0
855205c7fffffff,1.4,0
855205cbfffffff,0,0
855205cffffffff,0,0
855205d3fffffff,1.4,0
855205d7fffffff,1.8,0
855205dbfffffff,1.4,0
85520603fffffff,0,0
85520607fffffff,0,0
8552060bfffffff,0,0
8552060ffffffff,0,0
85520613fffffff,0,0
85520617fffffff,0,0
8552061bfffffff,0,0
85520623fffffff,2.2,0
85520627fffffff,1.8,0
8552062bfffffff,1.8,0
8552062ffffffff,1.8,0
85520633fffffff,0,0
85520637fffffff,2.2,0
8552063bfffffff,0,0
85520643fffffff,0,0
85520647fffffff,0,0
8552064bfffffff,0,0
8552064ffffffff,0,0
85520653fffffff,0,0
85520657fffffff,0,0
8552065bfffffff,0,0
85520663fffffff,2.2,0
85520667fffffff,1.8,0
8552066bfffffff,2.2,0
8552066ffffffff,2.2,0
85520673fffffff,0,0
85520677fffffff,1.8,0
8552067bfffffff,0,0
85520683fffffff,0,0
85520687fffffff,0,0
8552068bfffffff,0,0
8552068ffffffff,0,0
85520693fffffff,2.6,0
85520697fffffff,2.6,0
8552069bfffffff,0,0
855206a3fffffff,2.6,0
855206a7fffffff,2.2,0
855206abfffffff,0,0
855206affffffff,2.2,0
855206b3fffffff,2.6,0
855206b7fffffff,2.2,0
855206bbfffffff,0,0
855206c3fffffff,2.6,0
855206c7fffffff,0,0
855206cbfffffff,0,0
855206cffffffff,0,0
855206d3fffffff,2.6,0
855206d7fffffff,0,0
855206dbfffffff,2.6,0
85520803fffffff,0,0
85520807fffffff,0,0
8552080bfffffff,0,0
8552080ffffffff,0,0
85520813fffffff,0,0
85520817fffffff,0,0
8552081bfffffff,0,0
85520823fffffff,1.4,0
85520827fffffff,1.4,0
8552082bfffffff,0,0
8552082ffffffff,1.4,0
85520833fffffff,0,0
85520837fffffff,1.4,0
8552083bfffffff,0,0
85520843fffffff,0,0
85520847fffffff,0,0
8552084bfffffff,0,0
8552084ffffffff,0,0
85520853fffffff,0,0
85520857fffffff,0,0
8552085bfffffff,0,0
85520863fffffff,0,0
85520867fffffff,0,0
85520873fffffff,0,0
85520877fffffff,0,0
8552087bfffffff,0,0
85520883fffffff,0,0
85520887fffffff,0,0
8552088bfffffff,0,0
8552088ffffffff,0,0
85520893fffffff,0,0
85520897fffffff,0,0
8552089bfffffff,0,0
855208a3fffffff,0,0
855208a7fffffff,0,0
855208abfffffff,0,0
855208affffffff,0,0
855208b3fffffff,0,0
855208b7fffffff,0,0
855208bbfffffff,0,0
855208c3fffffff,0,0
855208c7fffffff,0,0
855208cbfffffff,0,0
855208cffffffff,0,0
855208d3fffffff,0,0
855208d7fffffff,0,0
855208dbfffffff,0,0
85520903fffffff,2.2,0
85520907fffffff,2.2,0
8552090bfffffff,2.6,0
8552090ffffffff,2.6,0
85520913fffffff,2.2,0
85520917fffffff,2.2,0
8552091bfffffff,2.2,0
85520923fffffff,1.8,0
8552092bfffffff,2.2,0
8552092ffffffff,1.8,0
85520933fffffff,1.8,0
85520937fffffff,1.8,0
8552093bfffffff,2.2,0
85520943fffffff,1.8,0
85520947fffffff,2.2,0
8552094ffffffff,1.8,0
85520953fffffff,1.8,0
85520957fffffff,2.2,0
8552095bfffffff,1.8,0
85520963fffffff,2.2,0
85520967fffffff,2.2,0
8552096bfffffff,1.8,0
8552096ffffffff,1.8,0
85520973fffffff,2.6,0
85520977fffffff,2.2,0
8552097bfffffff,2.2,0
85520983fffffff,1.4,0
85520987fffffff,1.4,0
8552098bfffffff,1.8,0
8552098ffffffff,1.8,0
85520993fffffff,0,0
85520997fffffff,0,0
8552099bfffffff,1.4,0
855209a3fffffff,1.4,0
855209a7fffffff,1.4,0
855209abfffffff,1.8,0
855209affffffff,1.8,0
855209b3fffffff,1.4,0
855209b7fffffff,1.4,0
855209bbfffffff,1.8,0
855209c3fffffff,1.8,0
855209c7fffffff,1.8,0
855209cbfffffff,1.8,0
855209cffffffff,1.8,0
855209d3fffffff,1.4,0
855209d7fffffff,1.8,0
855209dbfffffff,1.4,0
85520a93fffffff,0,0
85520a97fffffff,0,0
85520b93fffffff,0,0
85520b97fffffff,1.4,0
85520c03fffffff,0,0
85520c07fffffff,0,0
85520c0bfffffff,0,0
85520c0ffffffff,0,0
85520c13fffffff,0,0
85520c17fffffff,0,0
85520c1bfffffff,0,0
85520c23fffffff,0,0
85520c27fffffff,0,0
85520c2bfffffff,0,0
85520c2ffffffff,0,0
85520c33fffffff,0,0
85520c37fffffff,0,0
85520c3bfffffff,0,0
85520c43fffffff,0,0
85520c47fffffff,0,0
85520c4bfffffff,0,0
85520c4ffffffff,0,0
85520c53fffffff,0,0
85520c57fffffff,0,0
85520c5bfffffff,0,0
85520c63fffffff,0,0
85520c67fffffff,0,0
85520c6bfffffff,0,0
85520c6ffffffff,0,0
85520c73fffffff,0,0
85520c77fffffff,0,0
85520c7bfffffff,0,0
85520c83fffffff,0,0
85520c87fffffff,0,0
85520c8bfffffff,0,0
85520c8ffffffff,0,0
85520c93fffffff,0,0
85520c97fffffff,0,0
85520c9bfffffff,0,0
85520ca3fffffff,0,0
85520ca7fffffff,0,0
85520cabfffffff,0,0
85520caffffffff,0,0
85520cb3fffffff,0,0
85520cb7fffffff,0,0
85520cbbfffffff,0,0
85520cc3fffffff,0,0
85520cc7fffffff,0,0
85520ccbfffffff,0,0
85520ccffffffff,0,0
85520cd3fffffff,0,0
85520cd7fffffff,0,0
85520cdbfffffff,0,0
85520d03fffffff,0,0
85520d07fffffff,0,0
85520d0bfffffff,0,0
85520d0ffffffff,0,0
85520d13fffffff,0,0
85520d17fffffff,0,0
85520d1bfffffff,0,0
85520d23fffffff,0,0
85520d27fffffff,0,0
85520d2bfffffff,0,0
85520d2ffffffff,0,0
85520d33fffffff,0,0
85520d37fffffff,0,0
85520d3bfffffff,0,0
85520d43fffffff,0,0
85520d47fffffff,0,0
85520d4bfffffff,0,0
85520d4ffffffff,0,0
85520d53fffffff,0,0
85520d57fffffff,0,0
85520d5bfffffff,0,0
85520d63fffffff,0,0
85520d67fffffff,0,0
85520d6bfffffff,0,0
85520d6ffffffff,1.4,0
85520d73fffffff,0,0
85520d77fffffff,0,0
85520d7bfffffff,0,0
85520d83fffffff,0,0
85520d87fffffff,0,0
85520d8bfffffff,0,0
85520d8ffffffff,0,0
85520d93fffffff,0,0
85520d97fffffff,0,0
85520d9bfffffff,0,0
85520da3fffffff,0,0
85520da7fffffff,0,0
85520dabfffffff,0,0
85520daffffffff,0,0
85520db3fffffff,0,0
85520db7fffffff,0,0
85520dbbfffffff,0,0
85520dc3fffffff,0,0
85520dc7fffffff,0,0
85520dcbfffffff,0,0
85520dcffffffff,0,0
85520dd3fffffff,0,0
85520dd7fffffff,0,0
85520ddbfffffff,0,0
85520e03fffffff,1.8,0
85520e07fffffff,2.2,0
85520e0bfffffff,2.2,0
85520e0ffffffff,2.2,0
85520e13fffffff,1.4,0
85520e17fffffff,1.8,0
85520e1bfffffff,1.8,0
85520e23fffffff,0,0
85520e27fffffff,0,0
85520e2bfffffff,2.6,0
85520e2ffffffff,0,0
85520e33fffffff,2.2,0
85520e37fffffff,0,0
85520e3bfffffff,2.2,0
85520e43fffffff,2.6,0
85520e47fffffff,2.2,0
85520e4bfffffff,2.6,0
85520e4ffffffff,2.6,0
85520e53fffffff,2.2,0
85520e57fffffff,2.2,0
85520e5bfffffff,2.6,0
85520e63fffffff,2.6,0
85520e67fffffff,2.6,0
85520e73fffffff,2.2,0
85520e77fffffff,2.6,0
85520e7bfffffff,2.6,0
85520e83fffffff,0,0
85520e87fffffff,1.4,0
85520e8bfffffff,1.4,0
85520e8ffffffff,1.4,0
85520e93fffffff,0,0
85520e97fffffff,0,0
85520e9bfffffff,0,0
85520ea3fffffff,1.4,0
85520ea7fffffff,0,0
85520eabfffffff,1.8,0
85520eaffffffff,0,0
85520eb3fffffff,1.4,0
85520eb7fffffff,0,0
85520ebbfffffff,1.4,0
85520ec3fffffff,1.8,0
85520ec7fffffff,1.8,0
85520ecbfffffff,2.2,0
85520ecffffffff,1.8,0
85520ed3fffffff,1.4,0
85520ed7fffffff,1.4,0
85520edbfffffff,1.8,0
85521117fffffff,0,0
85521123fffffff,2.6,0
85521127fffffff,2.6,0
8552112ffffffff,2.6,0
85521133fffffff,0,0
85521137fffffff,2.6,0
8552113bfffffff,2.6,0
85521183fffffff,0,0
85521187fffffff,0,0
8552118bfffffff,0,0
8552118ffffffff,0,0
85521193fffffff,0,0
85521197fffffff,0,0
8552119bfffffff,0,0
855211a3fffffff,0,0
855211a7fffffff,0,0
855211abfffffff,0,0
855211affffffff,0,0
855211b3fffffff,0,0
855211b7fffffff,0,0
855211bbfffffff,0,0
855214a7fffffff,2.2,1.8
855214b7fffffff,2.2,1.8
85521503fffffff,0,0
85521507fffffff,0,0
8552150bfffffff,0,0
8552150ffffffff,0,0
85521513fffffff,0,0
85521517fffffff,0,0
8552151bfffffff,0,0
85521523fffffff,0,0
85521527fffffff,0,0
8552152bfffffff,0,0
8552152ffffffff,0,0
85521533fffffff,0,0
85521537fffffff,0,0
8552153bfffffff,0,0
85521547fffffff,0,0
85521557fffffff,0,0
85521563fffffff,0,0
85521567fffffff,0,0
8552156ffffffff,0,0
85521573fffffff,0,0
85521577fffffff,0,0
8552157bfffffff,0,0
85521583fffffff,0,0
85521587fffffff,0,0
8552158bfffffff,0,0
8552158ffffffff,0,0
85521593fffffff,0,0
85521597fffffff,0,0
8552159bfffffff,0,0
855215a3fffffff,0,0
855215a7fffffff,0,0
855215abfffffff,0,0
855215affffffff,0,0
855215b3fffffff,0,0
855215b7fffffff,0,0
855215bbfffffff,0,0
855215c3fffffff,0,0
855215c7fffffff,0,0
855215cffffffff,0,0
855215d3fffffff,2.6,2.2
855215d7fffffff,0,0
855215dbfffffff,2.2,1.8
85521c0bfffffff,2.2,0
85521c13fffffff,2.6,0
85521c1bfffffff,2.6,0
85521c43fffffff,2.6,0
85521c47fffffff,2.6,0
85521c4bfffffff,2.6,0
85521c4ffffffff,2.6,0
85521c53fffffff,2.6,0
85521c57fffffff,2.6,0
85521c5bfffffff,2.6,0
85521c6bfffffff,2.6,0
85521c7bfffffff,2.6,0
85521c83fffffff,0,0
85521c87fffffff,0,0
85521c8bfffffff,0,0
85521c93fffffff,0,0
85521c97fffffff,0,0
85521c9bfffffff,0,0
85521ca3fffffff,2.2,0
85521ca7fffffff,2.2,0
85521cb3fffffff,2.6,0
85521cb7fffffff,2.6,0
85521cc3fffffff,2.2,0
85521cc7fffffff,2.6,0
85521ccbfffffff,2.6,0
85521ccffffffff,2.6,0
85521cd3fffffff,2.2,0
85521cd7fffffff,0,0
85521cdbfffffff,2.6,0
85521d83fffffff,2.6,0
85521d87fffffff,2.6,0
85521d93fffffff,2.6,0
85521d97fffffff,2.6,0
85521d9bfffffff,2.6,0
85521db3fffffff,2.2,0
85521dd3fffffff,2.2,0
85521e87fffffff,2.6,0
85521e97fffffff,2.6,0
85521ea3fffffff,2.6,0
85521ea7fffffff,2.6,0
85521eabfffffff,2.2,0
85521eaffffffff,2.6,0
85521eb3fffffff,2.6,0
85521eb7fffffff,2.6,0
85522003fffffff,0,0
85522007fffffff,0,0
8552200bfffffff,0,0
8552200ffffffff,0,0
85522013fffffff,0,0
85522017fffffff,0,0
8552201bfffffff,0,0
85522023fffffff,0,0
85522027fffffff,0,0
8552202bfffffff,0,0
8552202ffffffff,0,0
85522033fffffff,0,0
85522037fffffff,0,0
8552203bfffffff,0,0
85522043fffffff,0,0
85522047fffffff,0,0
8552204bfffffff,1.4,0
8552204ffffffff,0,0
85522053fffffff,0,0
85522057fffffff,0,0
8552205bfffffff,1.4,0
85522063fffffff,0,0
85522067fffffff,0,0
8552206bfffffff,0,0
8552206ffffffff,0,0
85522073fffffff,0,0
85522077fffffff,0,0
8552207bfffffff,0,0
85522083fffffff,0,0
85522087fffffff,0,0
8552208bfffffff,0,0
8552208ffffffff,0,0
85522093fffffff,0,0
85522097fffffff,0,0
8552209bfffffff,0,0
855220a3fffffff,0,0
855220a7fffffff,0,0
855220abfffffff,0,0
855220affffffff,0,0
855220b3fffffff,0,0
855220b7fffffff,0,0
855220bbfffffff,0,0
855220c3fffffff,0,0
855220c7fffffff,0,0
855220cbfffffff,0,0
855220cffffffff,0,0
855220d3fffffff,0,0
855220d7fffffff,0,0
855220dbfffffff,0,0
85522103fffffff,0,0
85522107fffffff,0,0
8552210bfffffff,0,0
8552210ffffffff,0,0
85522113fffffff,0,0
85522117fffffff,0,0
8552211bfffffff,0,0
85522123fffffff,0,0
85522127fffffff,0,0
8552212bfffffff,0,0
8552212ffffffff,0,0
85522133fffffff,0,0
85522137fffffff,0,0
8552213bfffffff,0,0
85522143fffffff,0,0
85522147fffffff,0,0
8552214bfffffff,0,0
8552214ffffffff,0,0
85522153fffffff,0,0
85522157fffffff,0,0
8552215bfffffff,0,0
85522163fffffff,0,0
85522167fffffff,0,0
8552216bfffffff,0,0
8552216ffffffff,0,0
85522173fffffff,0,0
85522177fffffff,0,0
8552217bfffffff,0,0
85522183fffffff,0,0
85522187fffffff,0,0
8552218bfffffff,0,0
8552218ffffffff,0,0
85522193fffffff,0,0
85522197fffffff,0,0
8552219bfffffff,0,0
855221a3fffffff,0,0
855221a7fffffff,2,0
